-- phpMyAdmin SQL Dump
-- version 4.7.4
-- https://www.phpmyadmin.net/
--
-- Host: 127.0.0.1
-- Generation Time: 28 Nov 2017 pada 09.25
-- Versi Server: 10.1.26-MariaDB
-- PHP Version: 7.1.9

SET SQL_MODE = "NO_AUTO_VALUE_ON_ZERO";
SET AUTOCOMMIT = 0;
START TRANSACTION;
SET time_zone = "+00:00";


/*!40101 SET @OLD_CHARACTER_SET_CLIENT=@@CHARACTER_SET_CLIENT */;
/*!40101 SET @OLD_CHARACTER_SET_RESULTS=@@CHARACTER_SET_RESULTS */;
/*!40101 SET @OLD_COLLATION_CONNECTION=@@COLLATION_CONNECTION */;
/*!40101 SET NAMES utf8mb4 */;

--
-- Database: `db_operasional-kantor`
--

-- --------------------------------------------------------

--
-- Struktur dari tabel `jabatan_anggota`
--

CREATE TABLE `jabatan_anggota` (
  `id_anggota` varchar(5) NOT NULL,
  `id_jabatan` varchar(3) NOT NULL
) ENGINE=InnoDB DEFAULT CHARSET=latin1;

--
-- Dumping data untuk tabel `jabatan_anggota`
--

INSERT INTO `jabatan_anggota` (`id_anggota`, `id_jabatan`) VALUES
('10001', '111'),
('90706', '557');

-- --------------------------------------------------------

--
-- Struktur dari tabel `tb_absen`
--

CREATE TABLE `tb_absen` (
  `status_id` int(11) NOT NULL,
  `status` varchar(30) NOT NULL,
  `warna` varchar(7) DEFAULT NULL
) ENGINE=InnoDB DEFAULT CHARSET=latin1;

--
-- Dumping data untuk tabel `tb_absen`
--

INSERT INTO `tb_absen` (`status_id`, `status`, `warna`) VALUES
(1, 'Hadir', '#00c0ef'),
(2, 'Hadir Diluar', '#0073b7'),
(3, 'Sakit', '#f56954'),
(4, 'Izin', '#f39c12'),
(5, 'Cuti', '#00a65a'),
(6, 'Alpha', '#c0c0c0'),
(7, 'Kerja Remote', '#c0c0c0');

-- --------------------------------------------------------

--
-- Struktur dari tabel `tb_anggota`
--

CREATE TABLE `tb_anggota` (
  `id_anggota` varchar(15) NOT NULL,
  `nama` varchar(100) NOT NULL,
  `email` varchar(100) NOT NULL,
  `alamat` varchar(200) NOT NULL,
  `tempat_lahir` varchar(100) NOT NULL,
  `tgl_lahir` date NOT NULL,
  `jenis_kelamin` varchar(1) NOT NULL,
  `password` varchar(255) NOT NULL,
  `foto_profile` varchar(200) NOT NULL
) ENGINE=InnoDB DEFAULT CHARSET=latin1;

--
-- Dumping data untuk tabel `tb_anggota`
--

INSERT INTO `tb_anggota` (`id_anggota`, `nama`, `email`, `alamat`, `tempat_lahir`, `tgl_lahir`, `jenis_kelamin`, `password`, `foto_profile`) VALUES
('10001', 'Isma', 'admin@gmail.com', 'Dipati Ukur', 'Bandung', '1995-08-01', 'P', 'UDZTYUM5elFNS2M5NldMZWoxclpwZz09', 'icon.png'),
('90706', 'Idan Freak', 'idanfreak@gmail.com', 'Jalan Dipati Ukur nomor 20', 'Dago', '1994-05-08', 'L', 'dlNsTkh0M0F3NnZ6YkFRNnV1eGR2UT09', 'isyana1.png');

-- --------------------------------------------------------

--
-- Struktur dari tabel `tb_buktipembayaran`
--

CREATE TABLE `tb_buktipembayaran` (
  `id` int(11) NOT NULL,
  `id_pembayaran` varchar(5) NOT NULL,
  `bukti` varchar(400) NOT NULL
) ENGINE=InnoDB DEFAULT CHARSET=latin1;

-- --------------------------------------------------------

--
-- Struktur dari tabel `tb_credits_anggota`
--

CREATE TABLE `tb_credits_anggota` (
  `id` int(4) NOT NULL,
  `id_anggota` varchar(15) NOT NULL,
  `topup_credit` bigint(10) NOT NULL DEFAULT '0'
) ENGINE=InnoDB DEFAULT CHARSET=latin1;

--
-- Dumping data untuk tabel `tb_credits_anggota`
--

INSERT INTO `tb_credits_anggota` (`id`, `id_anggota`, `topup_credit`) VALUES
(1, '10001', 50000),
(47, '90706', 100000);

-- --------------------------------------------------------

--
-- Struktur dari tabel `tb_cronjob_rencana_absen`
--

CREATE TABLE `tb_cronjob_rencana_absen` (
  `id` int(11) NOT NULL,
  `id_anggota` varchar(15) NOT NULL,
  `status_id` int(11) NOT NULL,
  `keterangan` varchar(255) NOT NULL,
  `lat` double NOT NULL,
  `lng` double NOT NULL,
  `tglawal` date NOT NULL,
  `tglakhir` date NOT NULL,
  `foto_lokasi` varchar(255) NOT NULL
) ENGINE=InnoDB DEFAULT CHARSET=latin1;

--
-- Dumping data untuk tabel `tb_cronjob_rencana_absen`
--

INSERT INTO `tb_cronjob_rencana_absen` (`id`, `id_anggota`, `status_id`, `keterangan`, `lat`, `lng`, `tglawal`, `tglakhir`, `foto_lokasi`) VALUES
(1, '10001', 4, 'dafdfsfs', -6.2087634, 106.84559899999999, '2017-11-26', '2017-12-02', '20171128064602.jpg'),
(4, '90706', 5, 'freferhrhehr', -6.2087634, 106.84559899999999, '2017-11-25', '2017-12-06', '20171128064602.jpg');

-- --------------------------------------------------------

--
-- Struktur dari tabel `tb_cuti_anggota`
--

CREATE TABLE `tb_cuti_anggota` (
  `id_cuti` int(11) NOT NULL,
  `id_anggota` varchar(15) NOT NULL,
  `cuti_used` int(4) NOT NULL DEFAULT '0',
  `cuti_qty` int(4) NOT NULL DEFAULT '0'
) ENGINE=InnoDB DEFAULT CHARSET=latin1;

--
-- Dumping data untuk tabel `tb_cuti_anggota`
--

INSERT INTO `tb_cuti_anggota` (`id_cuti`, `id_anggota`, `cuti_used`, `cuti_qty`) VALUES
(1, '10001', 3, 10),
(2, '90706', 4, 12);

-- --------------------------------------------------------

--
-- Struktur dari tabel `tb_detail_absen`
--

CREATE TABLE `tb_detail_absen` (
  `id` int(11) NOT NULL,
  `id_anggota` varchar(15) NOT NULL,
  `tanggal` date NOT NULL,
  `jam_masuk` time NOT NULL,
  `status_id` int(2) NOT NULL,
  `keterangan` varchar(255) DEFAULT '',
  `latitude` double DEFAULT NULL,
  `longitude` double DEFAULT NULL,
  `tgl_awal` date DEFAULT NULL,
  `tgl_akhir` date DEFAULT NULL,
  `foto_lokasi` varchar(255) DEFAULT NULL,
  `rencana_id` int(11) DEFAULT NULL,
  `credit_id` int(11) DEFAULT NULL,
  `credit_in` bigint(20) DEFAULT NULL,
  `credit_stat` varchar(10) DEFAULT NULL
) ENGINE=InnoDB DEFAULT CHARSET=latin1;

--
-- Dumping data untuk tabel `tb_detail_absen`
--

INSERT INTO `tb_detail_absen` (`id`, `id_anggota`, `tanggal`, `jam_masuk`, `status_id`, `keterangan`, `latitude`, `longitude`, `tgl_awal`, `tgl_akhir`, `foto_lokasi`, `rencana_id`, `credit_id`, `credit_in`, `credit_stat`) VALUES
(1, '10001', '2017-09-22', '00:50:37', 5, 'Bulan madu', -6.886720180511475, 107.6164192, '2017-09-22', '2017-09-24', '10824.jpg', NULL, 1, 70000, 'paid'),
(2, '10001', '2017-09-19', '01:46:55', 2, 'Lapar', -6.88667631149292, 107.6164022, '2017-09-19', '2017-09-21', '10824.jpg', NULL, 1, 70000, 'paid'),
(3, '10001', '2017-09-16', '02:47:29', 4, 'Lapar', -6.886645793914795, 107.6163899, '2017-09-16', '2017-09-18', '10824.jpg', NULL, NULL, NULL, NULL),
(5, '10001', '2017-09-25', '03:32:00', 2, '', -6.886944770812988, 107.61681139999999, '2017-09-28', '2017-09-28', NULL, NULL, 1, 70000, 'paid'),
(16, '10001', '2017-09-27', '13:36:46', 1, '', -6.8869682999999995, 107.6168591, '2017-09-27', '2017-09-27', NULL, NULL, 1, 70000, 'paid'),
(18, '10001', '2017-09-28', '04:32:51', 3, 'Demam Malaria coy', -6.8869071, 107.6168537, '2017-09-28', '2017-09-28', '10823.jpg', NULL, NULL, NULL, NULL),
(19, '10001', '2017-09-28', '04:45:34', 3, 'Gersang sekali', -6.8868604, 107.6168778, '2017-09-28', '2017-09-28', '10823.jpg', NULL, NULL, NULL, NULL),
(20, '10001', '2017-09-28', '04:53:11', 4, 'Haus', -6.8869278, 107.61682359999999, '2017-09-28', '2017-09-28', '10823.jpg', NULL, NULL, NULL, NULL),
(21, '10001', '2017-09-28', '05:17:45', 5, 'Menjenguk Obama', -6.8868601, 107.616878, '2017-09-28', '2017-09-30', '10823.jpg', NULL, 1, 70000, 'paid'),
(22, '10001', '2017-09-28', '05:22:00', 2, 'Ke SMA 5 bandung', -6.8869069000000005, 107.6168571, '2017-09-28', '2017-09-28', '10823.jpg', NULL, 1, 70000, 'paid'),
(23, '10001', '2017-09-28', '05:24:45', 3, 'lapar ikan', -6.9174638999999996, 107.61912280000001, '2017-09-28', '2017-09-28', '10823.jpg', NULL, NULL, NULL, NULL),
(24, '10001', '2017-09-28', '05:29:09', 4, 'Menjenguk mantan kedua', -6.8868601, 107.61687789999999, '2017-09-28', '2017-09-28', '10823.jpg', NULL, NULL, NULL, NULL),
(25, '10001', '2017-09-28', '05:31:43', 2, 'Menangis untuk keuda kalinya', -6.8868607, 107.6168778, '2017-09-28', '2017-09-28', '10823.jpg', NULL, 1, 70000, 'paid'),
(26, '10001', '2017-09-28', '05:32:35', 2, 'cerita lama', -6.8868588, 107.6168794, '2017-09-28', '2017-09-28', '10823.jpg', NULL, 1, 70000, 'paid'),
(27, '10001', '2017-09-28', '05:34:11', 2, 'Setelah sekian lama', -6.8868601, 107.61687769999999, '2017-09-28', '2017-09-28', '10823.jpg', NULL, 1, 70000, 'paid'),
(28, '10001', '2017-09-28', '05:35:16', 3, 'Dia kembali', -6.8868605, 107.61687769999999, '2017-09-28', '2017-09-28', '10823.jpg', NULL, NULL, NULL, NULL),
(29, '10001', '2017-09-28', '05:35:54', 4, 'okay', -6.8868604, 107.6168778, '2017-09-28', '2017-09-28', '10823.jpg', NULL, NULL, NULL, NULL),
(30, '10001', '2017-09-28', '05:37:38', 2, 'keterlaluan', -6.8868604, 107.61687789999999, '2017-09-28', '2017-09-28', '10823.jpg', NULL, 1, 70000, 'paid'),
(31, '10001', '2017-09-28', '05:40:30', 3, 'Mengapa', -6.8868586, 107.6168781, '2017-09-28', '2017-09-28', '10823.jpg', NULL, NULL, NULL, NULL),
(32, '10001', '2017-09-28', '05:41:58', 2, 'kiuta', -6.8868588, 107.61687880000001, '2017-09-28', '2017-09-28', '10823.jpg', NULL, 1, 70000, 'paid'),
(33, '10001', '2017-09-28', '05:43:05', 4, 'ilang', -6.8868604, 107.6168778, '2017-09-28', '2017-09-28', '10823.jpg', NULL, NULL, NULL, NULL),
(34, '10001', '2017-09-28', '05:44:21', 4, 'fsdfdsf', -6.8868607, 107.61687769999999, '2017-09-28', '2017-09-28', '10823.jpg', NULL, NULL, NULL, NULL),
(35, '10001', '2017-09-28', '05:46:03', 2, 'inilah dunia', -6.8868601, 107.61687789999999, '2017-09-28', '2017-09-28', '10823.jpg', NULL, 1, 70000, 'paid'),
(36, '10001', '2017-09-28', '05:48:38', 4, 'izinkan', -6.8868601, 107.6168778, '2017-09-28', '2017-09-28', '10823.jpg', NULL, NULL, NULL, NULL),
(37, '10001', '2017-09-28', '05:49:24', 4, 'izinkanlah', -6.8868598, 107.61688, '2017-09-28', '2017-09-28', '10823.jpg', NULL, NULL, NULL, NULL),
(38, '10001', '2017-09-28', '05:56:05', 2, 'Mengingat mantan', -6.9174638999999996, 107.61912280000001, '2017-09-28', '2017-09-28', '10823.jpg', NULL, 1, 70000, 'paid'),
(39, '10001', '2017-09-28', '05:56:58', 3, 'menghilang dari peredaran', -6.8868598, 107.61688009999999, '2017-09-28', '2017-09-28', '10823.jpg', NULL, NULL, NULL, NULL),
(40, '10001', '2017-09-28', '06:00:30', 5, 'ke Paris', -6.8868599999999995, 107.6168778, '2017-09-28', '2017-10-02', '10823.jpg', NULL, 1, 70000, 'paid'),
(41, '10001', '2017-09-28', '06:05:55', 5, 'ke jerman', -6.8868591, 107.61687859999999, '2017-09-28', '2017-09-30', '10823.jpg', NULL, 1, 70000, 'paid'),
(42, '10001', '2017-09-28', '06:24:33', 5, 'Bertemu Obama', -6.8868588, 107.6168794, '2017-09-28', '2017-09-30', '10823.jpg', NULL, 1, 70000, 'paid'),
(43, '10001', '2017-09-28', '06:27:10', 5, 'menari disana', -6.8868599999999995, 107.6168778, '2017-09-28', '2017-09-30', '10823.jpg', NULL, 1, 70000, 'paid'),
(44, '10001', '2017-09-28', '06:28:22', 5, 'menari dikota', -6.8868601, 107.6168778, '2017-09-28', '2017-09-30', '10823.jpg', NULL, 1, 70000, 'paid'),
(45, '10001', '2017-09-28', '06:29:52', 5, 'menari dikota cahaya', -6.9174638999999996, 107.61912280000001, '2017-09-28', '2017-09-30', '10823.jpg', NULL, 1, 70000, 'paid'),
(46, '10001', '2017-09-28', '06:31:02', 5, 'menari diatas api', -6.8868591, 107.61687859999999, '2017-09-28', '2017-09-30', '10823.jpg', NULL, 1, 70000, 'paid'),
(47, '10001', '2017-09-28', '07:21:08', 4, 'Menikam dia', -6.8869029, 107.61685879999999, '2017-09-28', '2017-09-28', '10823.jpg', NULL, NULL, NULL, NULL),
(48, '10001', '2017-09-28', '07:24:21', 2, 'test drive', -6.8868601, 107.61687789999999, '2017-09-28', '2017-09-28', '10823.jpg', NULL, 1, 70000, 'paid'),
(49, '10001', '2017-09-28', '15:35:55', 1, '', -6.8901547, 107.5801977, '2017-09-28', '2017-09-28', '10823.jpg', NULL, 1, 70000, 'paid'),
(50, '10001', '2017-09-28', '15:37:57', 4, 'Presentasi', -6.890166600000001, 107.58019279999999, '2017-09-28', '2017-09-28', '10823.jpg', NULL, NULL, NULL, NULL),
(51, '10001', '2017-10-04', '07:44:44', 2, 'kerja lampung', -6.8870027, 107.6168771, '2017-10-04', '2017-10-04', NULL, NULL, 1, 70000, 'paid'),
(52, '10001', '2017-10-04', '07:46:39', 2, '', -6.886959399999999, 107.6168807, '2017-10-04', '2017-10-04', NULL, NULL, 1, 70000, 'paid'),
(53, '10001', '2017-10-04', '07:47:11', 2, '', -6.8870759999999995, 107.6168434, '2017-10-04', '2017-10-04', NULL, NULL, 1, 70000, 'paid'),
(54, '10001', '2017-10-04', '07:49:36', 2, 'tes2345', -6.8869975, 107.6168784, '2017-10-04', '2017-10-04', NULL, NULL, 1, 70000, 'paid'),
(55, '10001', '2017-10-04', '08:41:10', 2, 'presentasi kakatu', -6.8869902, 107.6168804, '2017-10-04', '2017-10-04', NULL, NULL, 1, 70000, 'paid'),
(56, '10001', '2017-10-04', '08:42:44', 1, '', -6.8869874, 107.6168818, '2017-10-04', '2017-10-04', NULL, NULL, 1, 70000, 'paid'),
(57, '10001', '2017-10-04', '08:44:00', 1, '', -6.8869796, 107.616889, '2017-10-04', '2017-10-04', NULL, NULL, 1, 70000, 'paid'),
(58, '10001', '2017-10-04', '08:46:47', 1, '', -6.8870002, 107.61687739999999, '2017-10-04', '2017-10-04', NULL, NULL, 1, 70000, 'paid'),
(59, '10001', '2017-10-04', '08:47:59', 2, 'lapar', -6.8870138999999995, 107.6168782, '2017-10-04', '2017-10-04', NULL, NULL, 1, 70000, 'paid'),
(60, '10001', '2017-10-04', '08:48:48', 2, 'LaPAr', -6.887034099999999, 107.6168583, '2017-10-04', '2017-10-04', NULL, NULL, 1, 70000, 'paid'),
(61, '10001', '2017-10-04', '08:50:23', 1, '', -6.887016399999999, 107.6168784, '2017-10-04', '2017-10-04', NULL, NULL, 1, 70000, 'paid'),
(62, '10001', '2017-10-04', '08:50:46', 1, '', -6.8870074, 107.61687889999999, '2017-10-04', '2017-10-04', NULL, NULL, 1, 70000, 'paid'),
(63, '10001', '2017-10-04', '15:35:02', 2, 'Ingin THR', -6.887014700000001, 107.6168603, '2017-10-04', '2017-10-04', NULL, NULL, 1, 70000, 'paid'),
(64, '10001', '2017-10-04', '15:35:37', 2, 'Ingin makan THR', -6.886995499999999, 107.61683169999999, '2017-10-04', '2017-10-04', NULL, NULL, 1, 70000, 'paid'),
(65, '10001', '2017-10-04', '15:37:34', 2, 'Isi perut doeloe', -6.8869874, 107.6168634, '2017-10-04', '2017-10-04', NULL, NULL, 1, 70000, 'paid'),
(66, '10001', '2017-10-04', '15:40:47', 2, 'ingin terbang keangkasa', -6.8870911999999995, 107.61682929999999, '2017-10-04', '2017-10-04', NULL, NULL, 1, 70000, 'paid'),
(67, '10001', '2017-10-04', '15:47:18', 2, 'terangkanlah mereka', -6.887071, 107.6168319, '2017-10-04', '2017-10-04', NULL, NULL, 1, 70000, 'paid'),
(68, '10001', '2017-10-04', '16:07:04', 2, 'makan di BIP', -6.8869668, 107.6168807, '2017-10-04', '2017-10-04', NULL, NULL, 1, 70000, 'paid'),
(69, '10001', '2017-10-04', '16:20:13', 2, 'memasak kentang', -6.8870292, 107.6168263, '2017-10-04', '2017-10-04', NULL, NULL, 1, 70000, 'paid'),
(70, '10001', '2017-10-04', '16:21:51', 2, 'mengenang ajsa para pahlawan', -6.8869718, 107.6168616, '2017-10-04', '2017-10-04', NULL, NULL, 1, 70000, 'paid'),
(71, '10001', '2017-10-04', '16:23:30', 2, 'menembak teroris', -6.8870062999999995, 107.6168635, '2017-10-04', '2017-10-04', NULL, NULL, 1, 70000, 'paid'),
(72, '10001', '2017-10-04', '16:23:51', 2, 'Menembak terror', -6.887074500000001, 107.6168381, '2017-10-04', '2017-10-04', NULL, NULL, 1, 70000, 'paid'),
(73, '10001', '2017-10-04', '16:33:42', 2, 'mengenang jasa ibu', -6.8870303999999996, 107.61684419999999, '2017-10-04', '2017-10-04', NULL, NULL, 1, 70000, 'paid'),
(74, '10001', '2017-10-04', '16:34:54', 2, 'ggdfgdfg df dfgdf', -6.8870046, 107.6168332, '2017-10-04', '2017-10-04', NULL, NULL, 1, 70000, 'paid'),
(75, '10001', '2017-10-04', '16:36:29', 2, 'menebang leyalinan', -6.886982400000001, 107.6168793, '2017-10-04', '2017-10-04', NULL, NULL, 1, 70000, 'paid'),
(76, '10001', '2017-10-04', '16:45:26', 2, 'mengenang mantan ke 100', -6.886977099999999, 107.6168569, '2017-10-04', '2017-10-04', NULL, NULL, 1, 70000, 'paid'),
(77, '10001', '2017-10-04', '16:46:13', 2, 'mengenang mantan ke 100', -6.886977099999999, 107.6168569, '2017-10-04', '2017-10-04', NULL, NULL, 1, 70000, 'paid'),
(78, '10001', '2017-10-04', '16:46:36', 2, 'ddggdg dfg df gd fg ', -6.8869948, 107.6168538, '2017-10-04', '2017-10-04', NULL, NULL, 1, 70000, 'paid'),
(79, '10001', '2017-10-04', '17:13:42', 2, 'menakar tanah', -6.886802258805256, 107.61682636489604, '2017-10-04', '2017-10-04', NULL, NULL, 1, 70000, 'paid'),
(80, '10001', '2017-10-04', '17:53:12', 4, 'menuju Paris kota', -6.8870491, 107.61682839999999, '2017-10-04', '2017-10-04', NULL, NULL, NULL, NULL, NULL),
(81, '10001', '2017-10-04', '17:55:46', 4, 'menjenguk mertua mantan', -6.8870758, 107.61683060000001, '2017-10-04', '2017-10-07', NULL, NULL, NULL, NULL, NULL),
(82, '10001', '2017-10-04', '18:02:18', 4, 'nonton SCTV', -6.887039, 107.616851, '2017-10-04', '2017-10-04', NULL, NULL, NULL, NULL, NULL),
(83, '10001', '2017-10-04', '18:03:18', 4, 'nonton Indosiar', -6.887046499999999, 107.61685, '2017-10-04', '2017-10-06', NULL, NULL, NULL, NULL, NULL),
(84, '10001', '2017-10-04', '18:07:47', 4, 'menuju bintang cahaya', -6.8870052, 107.6168781, '2017-10-04', '2017-10-06', NULL, NULL, NULL, NULL, NULL),
(85, '10001', '2017-10-04', '18:10:37', 4, 'sdfsd sd fsf s', -6.887117399999999, 107.6168412, '2017-10-05', '2017-10-08', NULL, NULL, NULL, NULL, NULL),
(86, '10001', '2017-10-04', '18:12:53', 4, 'sdvsdv sdf sdf s', -6.8870521, 107.6168347, '2017-10-04', '2017-10-06', NULL, NULL, NULL, NULL, NULL),
(87, '10001', '2017-10-04', '18:15:33', 4, 'sdfds sd sd sdv s  sd sd vsd vs s s vdv s vsdv', -6.8869921, 107.61686209999999, '2017-10-04', '2017-10-07', NULL, NULL, NULL, NULL, NULL),
(88, '10001', '2017-10-04', '18:48:39', 5, 'keliling eropa', -6.8870916, 107.61683289999999, '2017-10-04', '2017-10-07', NULL, NULL, 1, 70000, 'paid'),
(89, '10001', '2017-10-04', '18:49:19', 5, 'keliling Asia', -6.887049299999999, 107.61682940000001, '2017-10-08', '2017-10-11', NULL, NULL, 1, 70000, 'paid'),
(90, '10001', '2017-10-04', '18:53:36', 5, 'keliling Indonesia', -6.886980599999999, 107.616878, '2017-10-12', '2017-10-13', NULL, NULL, 1, 70000, 'paid'),
(91, '10001', '2017-10-04', '18:55:27', 5, 'keliling Jawa Barat', -6.8870099, 107.61685609999999, '2017-10-13', '2017-10-14', NULL, NULL, 1, 70000, 'paid'),
(92, '10001', '2017-10-04', '21:04:44', 1, '', -6.8870394, 107.61685399999999, '2017-10-04', '2017-10-04', NULL, NULL, 1, 70000, 'paid'),
(96, '10001', '2017-10-05', '01:01:04', 3, 'demam malaria', -6.8869956, 107.61687789999999, '2017-10-05', '2017-10-07', NULL, NULL, NULL, NULL, NULL),
(97, '10001', '2017-10-05', '15:43:41', 2, 'bebas', -6.890119299999999, 107.58022749999999, '2017-10-05', '2017-10-05', NULL, NULL, 1, 70000, 'paid'),
(98, '10001', '2017-10-05', '15:45:01', 4, 'lapar', -6.890159499999999, 107.58021869999999, '2017-10-05', '2017-10-05', NULL, NULL, NULL, NULL, NULL),
(100, '10001', '2017-10-05', '16:00:53', 4, 'bebaskahsaja', -6.8902188803272795, 107.58023928270545, '2017-10-05', '2017-10-05', NULL, NULL, NULL, NULL, NULL),
(122, '10001', '2017-10-09', '23:58:17', 1, '', -6.8869112, 107.6168524, '2017-10-09', '2017-10-09', NULL, NULL, 1, 70000, 'paid'),
(129, '90706', '2017-10-09', '23:58:17', 1, '', -6.8869112, 107.6168524, '2017-10-09', '2017-10-09', NULL, NULL, 5, 70000, 'paid'),
(130, '10001', '2017-10-11', '00:22:03', 1, '', -6.8868488999999995, 107.6167905, '2017-10-11', '2017-10-11', NULL, NULL, 1, 70000, 'paid'),
(138, '90706', '2017-10-11', '00:24:53', 1, '', -6.8869112, 107.6168524, '2017-10-11', '2017-10-11', NULL, NULL, 5, 70000, 'paid'),
(151, '10001', '2017-10-12', '14:37:05', 1, '', -6.886879400000001, 107.6167605, '2017-10-12', '2017-10-12', NULL, NULL, 1, 70000, 'paid'),
(169, '10001', '2017-10-12', '16:14:33', 3, 'malaria', -6.8901569, 107.58022179999999, '2017-10-12', '2017-10-12', NULL, NULL, NULL, NULL, NULL),
(170, '10001', '2017-10-12', '16:36:46', 1, '', -6.8869112, 107.6168524, '2017-10-12', '2017-10-12', NULL, NULL, 1, 70000, 'paid'),
(177, '90706', '2017-10-12', '16:36:46', 1, '', -6.8869112, 107.6168524, '2017-10-12', '2017-10-12', NULL, NULL, 5, 70000, 'paid'),
(178, '10001', '2017-10-13', '12:14:40', 1, '', -6.8869112, 107.6168524, '2017-10-13', '2017-10-13', NULL, NULL, 1, 70000, 'paid'),
(185, '90706', '2017-10-13', '12:14:40', 1, '', -6.8869112, 107.6168524, '2017-10-13', '2017-10-13', NULL, NULL, 5, 70000, 'paid'),
(186, '10001', '2017-10-13', '20:06:45', 3, 'demam', -6.8869073, 107.61675489999999, '2017-10-13', '2017-10-13', NULL, NULL, NULL, NULL, NULL),
(194, '90706', '2017-10-14', '08:39:05', 3, '', -6.8869112, 107.6168524, '2017-10-14', '2017-10-14', NULL, NULL, NULL, NULL, 'paid'),
(195, '10001', '2017-10-14', '08:41:28', 4, 'malaria 3', -6.886863000000001, 107.616813, '2017-10-14', '2017-10-14', NULL, NULL, NULL, NULL, NULL),
(196, '10001', '2017-10-15', '14:06:25', 1, '', -6.8869273, 107.61675249999999, '2017-10-15', '2017-10-15', NULL, NULL, 1, 70000, 'paid'),
(197, '10001', '2017-10-17', '21:44:49', 3, 'lapar', -6.9174638999999996, 107.61912280000001, '2017-10-17', '2017-10-17', NULL, NULL, NULL, NULL, NULL),
(198, '10001', '2017-10-17', '22:00:43', 1, '', -6.88692724798516, 107.61646340611168, '2017-10-17', '2017-10-17', NULL, NULL, 1, 70000, 'paid'),
(199, '10001', '2017-10-17', '22:46:43', 4, 'sakit', -6.88707074909483, 107.61672789759983, '2017-10-17', '2017-10-17', NULL, NULL, NULL, NULL, NULL),
(214, '10001', '2017-10-18', '21:40:02', 2, 'presentasi kakatu di SMA 3 Bandung', -6.8868623, 107.6168386, '2017-10-18', '2017-10-18', NULL, NULL, 1, 70000, 'paid'),
(215, '10001', '2017-10-18', '21:42:23', 1, '', -6.8868623, 107.6168386, '2017-10-18', '2017-10-18', NULL, NULL, 1, 70000, 'paid'),
(256, '10001', '2017-10-19', '23:38:43', 1, '', -6.8868161, 107.6168283, '2017-10-19', '2017-10-19', NULL, NULL, 1, 70000, 'paid'),
(257, '10001', '2017-10-19', '23:38:55', 2, '', -6.9174638999999996, 107.61912280000001, '2017-10-19', '2017-10-19', NULL, NULL, 1, 70000, 'paid'),
(258, '10001', '2017-10-19', '23:40:38', 3, '', -6.9174638999999996, 107.61912280000001, '2017-10-19', '2017-10-19', NULL, NULL, NULL, NULL, NULL),
(259, '10001', '2017-10-19', '23:41:23', 5, '', -6.9174638999999996, 107.61912280000001, '2017-10-19', '2017-10-19', NULL, NULL, 1, 70000, 'paid'),
(260, '10001', '2017-10-22', '15:41:55', 1, '', -6.8866681, 107.6168625, '2017-10-22', '2017-10-22', NULL, NULL, 1, 70000, 'paid'),
(385, '10001', '2017-10-24', '21:31:01', 5, '', -6.8868585, 107.6168333, '2017-10-24', '2017-11-09', NULL, NULL, 1, 70000, 'paid'),
(386, '10001', '2017-10-24', '21:31:01', 5, '', -6.8868585, 107.6168333, '2017-10-25', '2017-11-09', NULL, NULL, 1, 70000, 'paid'),
(387, '10001', '2017-10-24', '21:31:02', 5, '', -6.8868585, 107.6168333, '2017-10-30', '2017-11-09', NULL, NULL, 1, 70000, 'paid'),
(388, '10001', '2017-10-24', '21:31:02', 5, '', -6.8868585, 107.6168333, '2017-10-31', '2017-11-09', NULL, NULL, 1, 70000, 'paid'),
(389, '10001', '2017-10-24', '21:31:02', 5, '', -6.8868585, 107.6168333, '2017-11-03', '2017-11-09', NULL, NULL, 1, 70000, 'paid'),
(390, '10001', '2017-10-24', '21:31:03', 5, '', -6.8868585, 107.6168333, '2017-11-06', '2017-11-09', NULL, NULL, 1, 70000, 'paid'),
(391, '10001', '2017-10-24', '21:31:03', 5, '', -6.8868585, 107.6168333, '2017-11-09', '2017-11-09', NULL, NULL, 1, 70000, 'paid'),
(392, '10001', '2017-10-24', '21:41:49', 1, '', -6.8868583, 107.6168356, '2017-10-24', '2017-10-24', NULL, NULL, 1, 70000, 'paid'),
(411, '10001', '2017-10-25', '22:09:25', 5, 'penjahat kelas teri', -6.8868450999999995, 107.61685030000001, '2017-10-25', '2017-10-28', '20171026221037.jpg', NULL, 1, 70000, 'paid'),
(412, '10001', '2017-10-25', '22:10:37', 4, 'pengamen jalanan', -6.8868688, 107.6168514, '2017-10-30', '2017-11-01', '20171026221037.jpg', NULL, NULL, NULL, NULL),
(415, '90706', '2017-10-25', '22:38:47', 3, 'mengenal dia', -6.8868635000000005, 107.6168544, '2017-10-25', '2017-10-31', '20171026224743.jpg', NULL, NULL, NULL, NULL),
(422, '10001', '2017-10-26', '23:58:57', 5, 'penjahat kelas teri', -6.8868450999999995, 107.61685030000001, '2017-10-26', '2017-10-28', '20171026220925.jpg', NULL, 1, 70000, 'paid'),
(423, '90706', '2017-10-26', '23:58:57', 3, 'mengenal dia', -6.8868635000000005, 107.6168544, '2017-10-26', '2017-10-31', '20171026223847.jpg', NULL, NULL, NULL, NULL),
(443, '10001', '2017-10-27', '22:11:16', 5, '', -6.8868725, 107.61679509999999, '2017-10-27', '2017-10-27', NULL, NULL, 1, 70000, 'paid'),
(444, '10001', '2017-10-28', '21:23:21', 1, '', -6.8867828, 107.61653679999999, '2017-10-28', '2017-10-28', NULL, NULL, 1, 70000, 'paid'),
(466, '10001', '2017-10-30', '21:56:48', 1, '', -6.8868636, 107.6168486, '2017-10-30', '2017-10-30', '20171030221144.jpeg', NULL, 1, 70000, 'paid'),
(467, '10001', '2017-10-30', '22:08:30', 2, '', -6.8868889, 107.61681949999999, '2017-10-30', '2017-10-30', '20171030221144.jpeg', NULL, 1, 70000, 'paid'),
(468, '10001', '2017-10-30', '22:09:00', 4, '', -6.8868981, 107.6168242, '2017-10-30', '2017-10-30', '20171030221144.jpeg', NULL, NULL, NULL, NULL),
(469, '10001', '2017-10-30', '22:10:12', 3, 'tes', -6.8868981, 107.6168242, '2017-10-30', '2017-10-30', '20171030221144.jpeg', NULL, NULL, NULL, NULL),
(470, '10001', '2017-10-30', '22:11:44', 4, '', -6.886802909642767, 107.61681140653383, '2017-10-30', '2017-10-30', '20171030221144.jpeg', NULL, NULL, NULL, NULL),
(789, '10001', '2017-10-31', '21:48:40', 6, '', -6.8868395, 107.616523, '2017-10-31', '2017-10-31', NULL, NULL, NULL, NULL, NULL),
(790, '10001', '2017-10-31', '21:49:39', 5, 'tes', -6.8868402, 107.6165243, '2017-10-31', '2017-10-31', NULL, NULL, 1, 70000, 'paid'),
(791, '10001', '2017-10-31', '21:50:15', 3, 'tes', -6.8868478, 107.61653419999999, '2017-10-31', '2017-10-31', NULL, NULL, NULL, NULL, NULL),
(792, '10001', '2017-10-31', '21:50:53', 4, 'tes', -6.8868445, 107.6165164, '2017-10-31', '2017-10-31', NULL, NULL, NULL, NULL, NULL),
(793, '10001', '2017-10-31', '21:51:14', 2, 'tes', -6.886859899999999, 107.6165284, '2017-10-31', '2017-10-31', NULL, NULL, 1, 70000, 'paid'),
(800, '90706', '2017-10-31', '22:18:51', 6, '', NULL, NULL, '2017-10-31', '2017-10-31', NULL, NULL, NULL, NULL, NULL),
(930, '10001', '2017-11-04', '15:14:56', 2, 'tes', -6.8869221, 107.6167918, '2017-11-04', '2017-11-04', NULL, NULL, 1, 70000, 'paid'),
(931, '10001', '2017-11-04', '15:15:10', 1, NULL, -6.8869665, 107.616751, '2017-11-04', '2017-11-04', NULL, NULL, 1, 70000, 'paid'),
(932, '10001', '2017-11-04', '15:15:23', 5, 'tessss', -6.886879700000001, 107.6168555, '1970-01-01', '1970-01-01', NULL, NULL, 1, 70000, 'paid'),
(933, '10001', '2017-11-04', '15:16:13', 2, 'tes', -6.8869342, 107.61679919999999, '2017-11-04', '2017-11-04', NULL, NULL, 1, 70000, 'paid'),
(934, '10001', '2017-11-04', '15:16:31', 4, 'tesss', -6.8868787, 107.61685609999999, '1970-01-01', '1970-01-01', NULL, NULL, NULL, NULL, NULL),
(935, '10001', '2017-11-04', '15:16:45', 5, 'dffgddfgdf', -6.886879700000001, 107.61685539999999, '1970-01-01', '1970-01-01', NULL, NULL, 1, 70000, 'paid'),
(936, '10001', '2017-11-04', '15:28:38', 1, NULL, -6.886922800000001, 107.6167882, '2017-11-04', '2017-11-04', NULL, NULL, 1, 70000, 'paid'),
(937, '10001', '2017-11-04', '15:28:46', 1, NULL, -6.886879700000001, 107.6168553, '2017-11-04', '2017-11-04', NULL, NULL, 1, 70000, 'paid'),
(938, '10001', '2017-11-04', '15:28:57', 2, 'tess', -6.886925, 107.61682049999999, '2017-11-04', '2017-11-04', NULL, NULL, 1, 70000, 'paid'),
(939, '10001', '2017-11-04', '16:15:18', 1, NULL, -6.886969499999999, 107.6167625, '2017-11-04', '2017-11-04', NULL, NULL, 1, 70000, 'paid'),
(940, '10001', '2017-11-04', '16:15:34', 2, 'tes', -6.8869837, 107.61673139999999, '2017-11-04', '2017-11-04', NULL, NULL, 1, 70000, 'paid'),
(941, '10001', '2017-11-04', '16:15:55', 1, NULL, -6.886922900000001, 107.61680930000001, '2017-11-04', '2017-11-04', NULL, NULL, 1, 70000, 'paid'),
(942, '10001', '2017-11-04', '16:20:54', 1, NULL, -6.8869736999999995, 107.6167449, '2017-11-04', '2017-11-04', NULL, NULL, 1, 70000, 'paid'),
(943, '10001', '2017-11-04', '18:22:00', 2, 'tess', -6.886879200000001, 107.61685729999999, '2017-11-04', '2017-11-04', NULL, NULL, 1, 70000, 'paid'),
(944, '10001', '2017-11-04', '18:24:32', 2, 'tesss', -6.886879700000001, 107.6168553, '2017-11-04', '2017-11-04', NULL, NULL, 1, 70000, 'paid'),
(945, '10001', '2017-11-04', '18:29:37', 1, NULL, -6.8869962, 107.6167277, '2017-11-04', '2017-11-04', NULL, NULL, 1, 70000, 'paid'),
(946, '10001', '2017-11-04', '18:30:54', 2, 'tess', -6.886928200000001, 107.6167993, '2017-11-04', '2017-11-04', NULL, NULL, 1, 70000, 'paid'),
(947, '10001', '2017-11-04', '21:01:19', 1, NULL, -6.8869333, 107.6167984, '2017-11-04', '2017-11-04', NULL, NULL, 1, 70000, 'paid'),
(948, '10001', '2017-11-04', '21:21:26', 1, NULL, -6.886902, 107.6168304, '2017-11-04', '2017-11-04', NULL, NULL, 1, 70000, 'paid'),
(949, '10001', '2017-11-04', '21:23:14', 1, NULL, -6.88688, 107.6168553, '2017-11-04', '2017-11-04', NULL, NULL, 1, 70000, 'paid'),
(950, '10001', '2017-11-04', '21:25:36', 1, NULL, -6.88688, 107.61685539999999, '2017-11-04', '2017-11-04', NULL, NULL, 1, 70000, 'paid'),
(951, '10001', '2017-11-04', '21:27:45', 1, '', -6.886924, 107.6168028, '2017-11-04', '2017-11-04', NULL, NULL, 1, 70000, 'paid'),
(952, '10001', '2017-11-04', '21:30:21', 1, '', -6.886927, 107.6167942, '2017-11-04', '2017-11-04', NULL, NULL, 1, 70000, 'paid'),
(953, '10001', '2017-11-04', '21:31:17', 1, '', -6.8869586, 107.6167608, '2017-11-04', '2017-11-04', NULL, NULL, 1, 70000, 'paid'),
(954, '10001', '2017-11-04', '21:35:36', 1, '', -6.8868799, 107.61685539999999, '2017-11-04', '2017-11-04', NULL, NULL, 1, 70000, 'paid'),
(955, '10001', '2017-11-04', '21:36:55', 1, '', -6.886879700000001, 107.6168555, '2017-11-04', '2017-11-04', NULL, NULL, 1, 70000, 'paid'),
(956, '10001', '2017-11-04', '21:40:19', 1, '', -6.88688, 107.6168553, '2017-11-04', '2017-11-04', NULL, NULL, 1, 70000, 'paid'),
(957, '10001', '2017-11-04', '21:41:52', 1, '', -6.88688, 107.6168553, '2017-11-04', '2017-11-04', NULL, NULL, 1, 70000, 'paid'),
(958, '10001', '2017-11-04', '21:43:11', 1, '', -6.8868784, 107.6168569, '2017-11-04', '2017-11-04', NULL, NULL, 1, 70000, 'paid'),
(959, '10001', '2017-11-04', '21:44:14', 1, '', -6.88688, 107.6168553, '2017-11-04', '2017-11-04', NULL, NULL, 1, 70000, 'paid'),
(960, '10001', '2017-11-04', '21:45:00', 1, '', -6.8868784, 107.6168569, '2017-11-04', '2017-11-04', NULL, NULL, 1, 70000, 'paid'),
(961, '10001', '2017-11-04', '21:45:42', 1, '', -6.88688, 107.6168553, '2017-11-04', '2017-11-04', NULL, NULL, 1, 70000, 'paid'),
(962, '10001', '2017-11-04', '21:46:16', 1, '', -6.88688, 107.6168553, '2017-11-04', '2017-11-04', NULL, NULL, 1, 70000, 'paid'),
(963, '10001', '2017-11-04', '21:46:52', 1, '', -6.88688, 107.61685539999999, '2017-11-04', '2017-11-04', NULL, NULL, 1, 70000, 'paid'),
(964, '10001', '2017-11-04', '21:47:30', 1, '', -6.886879700000001, 107.61685539999999, '2017-11-04', '2017-11-04', NULL, NULL, 1, 70000, 'paid'),
(965, '10001', '2017-11-04', '22:05:03', 1, '', -6.88688, 107.61685539999999, '2017-11-04', '2017-11-04', NULL, NULL, 1, 70000, 'paid'),
(966, '10001', '2017-11-04', '22:06:13', 1, '', -6.8868801, 107.616855, '2017-11-04', '2017-11-04', NULL, NULL, 1, 70000, 'paid'),
(967, '10001', '2017-11-04', '22:08:00', 1, '', -6.88688, 107.6168553, '2017-11-04', '2017-11-04', NULL, NULL, 1, 70000, 'paid'),
(968, '10001', '2017-11-04', '22:09:00', 1, '', -6.8869026, 107.6168343, '2017-11-04', '2017-11-04', NULL, NULL, 1, 70000, 'paid'),
(969, '10001', '2017-11-04', '22:09:45', 1, '', -6.8868784, 107.6168569, '2017-11-04', '2017-11-04', NULL, NULL, 1, 70000, 'paid'),
(970, '10001', '2017-11-04', '22:10:29', 1, '', -6.8868801, 107.61685519999999, '2017-11-04', '2017-11-04', NULL, NULL, 1, 70000, 'paid'),
(971, '10001', '2017-11-04', '22:19:06', 1, NULL, -6.8868807, 107.6168569, '2017-11-04', '2017-11-04', NULL, NULL, 1, 70000, 'paid'),
(972, '10001', '2017-11-04', '22:19:49', 1, NULL, -6.8868801, 107.61685519999999, '2017-11-04', '2017-11-04', NULL, NULL, 1, 70000, 'paid'),
(973, '10001', '2017-11-04', '22:30:33', 1, NULL, -6.886878599999999, 107.6168557, '2017-11-04', '2017-11-04', NULL, NULL, 1, 70000, 'paid'),
(974, '10001', '2017-11-04', '22:32:00', 1, NULL, -6.886879400000001, 107.61685759999999, '2017-11-04', '2017-11-04', NULL, NULL, 1, 70000, 'paid'),
(975, '10001', '2017-11-04', '22:32:24', 1, NULL, -6.8868806, 107.6168569, '2017-11-04', '2017-11-04', NULL, NULL, 1, 70000, 'paid'),
(976, '10001', '2017-11-04', '22:33:27', 1, NULL, -6.8868799, 107.6168556, '2017-11-04', '2017-11-04', NULL, NULL, 1, 70000, 'paid'),
(977, '10001', '2017-11-04', '22:33:56', 1, NULL, -6.8868799, 107.6168556, '2017-11-04', '2017-11-04', NULL, NULL, 1, 70000, 'paid'),
(978, '10001', '2017-11-04', '22:34:02', 1, NULL, -6.8868799, 107.6168556, '2017-11-04', '2017-11-04', NULL, NULL, 1, 70000, 'paid'),
(979, '10001', '2017-11-04', '22:35:05', 1, NULL, -6.8868799, 107.6168556, '2017-11-04', '2017-11-04', NULL, NULL, 1, 70000, 'paid'),
(980, '10001', '2017-11-04', '22:35:06', 1, NULL, -6.8868799, 107.6168556, '2017-11-04', '2017-11-04', NULL, NULL, 1, 70000, 'paid'),
(981, '10001', '2017-11-04', '22:35:09', 1, NULL, -6.8868799, 107.6168556, '2017-11-04', '2017-11-04', NULL, NULL, 1, 70000, 'paid'),
(982, '10001', '2017-11-04', '22:35:48', 1, NULL, -6.8868799, 107.6168555, '2017-11-04', '2017-11-04', NULL, NULL, 1, 70000, 'paid'),
(983, '10001', '2017-11-04', '22:38:05', 1, NULL, -6.8868787, 107.61685609999999, '2017-11-04', '2017-11-04', NULL, NULL, 1, 70000, 'paid'),
(984, '10001', '2017-11-04', '22:38:40', 1, NULL, -6.886879700000001, 107.61685539999999, '2017-11-04', '2017-11-04', NULL, NULL, 1, 70000, 'paid'),
(985, '10001', '2017-11-04', '22:40:49', 1, NULL, -6.8868798, 107.61685510000001, '2017-11-04', '2017-11-04', NULL, NULL, 1, 70000, 'paid'),
(986, '10001', '2017-11-04', '22:41:47', 1, NULL, -6.8868799, 107.6168555, '2017-11-04', '2017-11-04', NULL, NULL, 1, 70000, 'paid'),
(987, '10001', '2017-11-04', '22:42:18', 1, NULL, -6.886879700000001, 107.6168553, '2017-11-04', '2017-11-04', NULL, NULL, 1, 70000, 'paid'),
(988, '10001', '2017-11-04', '22:44:22', 1, NULL, -6.886879700000001, 107.61685539999999, '2017-11-04', '2017-11-04', NULL, NULL, 1, 70000, 'paid'),
(989, '10001', '2017-11-04', '22:44:54', 1, NULL, -6.8868787, 107.61685609999999, '2017-11-04', '2017-11-04', NULL, NULL, 1, 70000, 'paid'),
(990, '10001', '2017-11-04', '22:55:29', 1, NULL, -6.8868799, 107.6168555, '2017-11-04', '2017-11-04', NULL, NULL, 1, 70000, 'paid'),
(991, '10001', '2017-11-04', '23:09:36', 1, NULL, -6.886879700000001, 107.6168553, '2017-11-04', '2017-11-04', NULL, NULL, 1, 70000, 'paid'),
(992, '10001', '2017-11-05', '00:08:29', 2, 'tes', -6.9174638999999996, 107.61912280000001, '2017-11-05', '2017-11-05', '20171105154548.png', NULL, 1, 70000, 'paid'),
(993, '10001', '2017-11-05', '00:11:04', 2, 'tess', -6.9174638999999996, 107.61912280000001, '2017-11-05', '2017-11-05', '20171105154548.png', NULL, 1, 70000, 'paid'),
(994, '10001', '2017-11-05', '00:11:50', 2, 'makan ikan', -6.9174638999999996, 107.61912280000001, '2017-11-05', '2017-11-05', '20171105154548.png', NULL, 1, 70000, 'paid'),
(995, '10001', '2017-11-05', '00:16:11', 2, 'sdfsdfs', -6.9174638999999996, 107.61912280000001, '2017-11-05', '2017-11-05', '20171105154548.png', NULL, 1, 70000, 'paid'),
(996, '10001', '2017-11-05', '00:16:44', 2, 'tes', -6.9174638999999996, 107.61912280000001, '2017-11-05', '2017-11-05', '20171105154548.png', NULL, 1, 70000, 'paid'),
(997, '10001', '2017-11-05', '00:17:36', 2, 'tess', -6.886933, 107.616794, '2017-11-05', '2017-11-05', '20171105154548.png', NULL, 1, 70000, 'paid'),
(998, '10001', '2017-11-05', '00:21:25', 2, 'makan-makan', -6.9174638999999996, 107.61912280000001, '2017-11-05', '2017-11-05', '20171105154548.png', NULL, 1, 70000, 'paid'),
(1002, '10001', '2017-11-05', '00:38:56', 2, 'tesss', -6.9174638999999996, 107.61912280000001, '2017-11-05', '2017-11-05', '20171105154548.png', NULL, 1, 70000, 'paid'),
(1005, '10001', '2017-11-05', '00:55:12', 3, 'tess', -6.9174638999999996, 107.61912280000001, '2017-11-05', '2017-11-05', '20171105154548.png', NULL, NULL, NULL, NULL),
(1006, '10001', '2017-11-05', '00:56:19', 3, 'tesssss', -6.9174638999999996, 107.61912280000001, '2017-11-05', '2017-11-08', '20171105154548.png', NULL, NULL, NULL, NULL),
(1007, '10001', '2017-11-05', '01:03:42', 3, 'sdfsdfsdfs', -6.9174638999999996, 107.61912280000001, '2017-11-05', '2017-11-10', '20171105154548.png', NULL, NULL, NULL, NULL),
(1008, '10001', '2017-11-05', '01:07:03', 3, 'biasa aja', -6.9174638999999996, 107.61912280000001, '2017-11-05', '2017-11-08', '20171105154548.png', NULL, NULL, NULL, NULL),
(1009, '10001', '2017-11-05', '01:15:37', 4, 'berangat kemana', -6.886931199999999, 107.6167966, '2017-11-05', '2017-11-10', '20171105154548.png', NULL, NULL, NULL, NULL),
(1010, '10001', '2017-11-05', '01:17:23', 3, 'fefsfdsfsd', -6.9174638999999996, 107.61912280000001, '2017-11-05', '2017-11-05', '20171105154548.png', NULL, NULL, NULL, NULL),
(1011, '10001', '2017-11-05', '02:13:57', 4, 'mencoba saja', -6.9174638999999996, 107.61912280000001, '2017-11-05', '2017-11-05', '20171105154548.png', NULL, NULL, NULL, NULL),
(1012, '10001', '2017-11-05', '02:21:49', 4, 'coba upload', -6.886952699999999, 107.61677279999999, '2017-11-05', '2017-11-05', '20171105154548.png', NULL, NULL, NULL, NULL),
(1013, '10001', '2017-11-05', '02:24:40', 4, 'mengapa', -6.9174638999999996, 107.61912280000001, '2017-11-05', '2017-11-05', '20171105154548.png', NULL, NULL, NULL, NULL),
(1014, '10001', '2017-11-05', '02:27:07', 2, 'berasa muda', -6.9174638999999996, 107.61912280000001, '2017-11-05', '2017-11-05', '20171105154548.png', NULL, 1, 70000, 'paid'),
(1015, '10001', '2017-11-05', '02:34:26', 2, 'sadsadsadsa', -6.886952699999999, 107.61677279999999, '2017-11-05', '2017-11-05', '20171105154548.png', NULL, 1, 70000, 'paid'),
(1016, '10001', '2017-11-05', '02:37:16', 2, 'fsfsd sd fs fs ', -6.8869561, 107.6167719, '2017-11-05', '2017-11-05', '20171105154548.png', NULL, 1, 70000, 'paid'),
(1017, '10001', '2017-11-05', '02:40:02', 2, 'fsdfdsf', -6.9174638999999996, 107.61912280000001, '2017-11-05', '2017-11-05', '20171105154548.png', NULL, 1, 70000, 'paid'),
(1018, '10001', '2017-11-05', '02:40:10', 2, 'fsdfdsf', -6.9174638999999996, 107.61912280000001, '2017-11-05', '2017-11-05', '20171105154548.png', NULL, 1, 70000, 'paid'),
(1019, '10001', '2017-11-05', '02:42:37', 2, 'fdsfsdfsf', -6.9174638999999996, 107.61912280000001, '2017-11-05', '2017-11-05', '20171105154548.png', NULL, 1, 70000, 'paid'),
(1020, '10001', '2017-11-05', '02:43:14', 2, 'fdsfsdfsf', -6.9174638999999996, 107.61912280000001, '2017-11-05', '2017-11-05', '20171105154548.png', NULL, 1, 70000, 'paid'),
(1021, '10001', '2017-11-05', '02:43:27', 2, 'dfsdfsdfsdf', -6.9174638999999996, 107.61912280000001, '2017-11-05', '2017-11-05', '20171105154548.png', NULL, 1, 70000, 'paid'),
(1022, '10001', '2017-11-05', '02:43:44', 2, 'dsfdsfsdfds', -6.887143699999999, 107.6165918, '2017-11-05', '2017-11-05', '20171105154548.png', NULL, 1, 70000, 'paid'),
(1023, '10001', '2017-11-05', '02:44:55', 2, 'dsfsfdsfs', -6.9174638999999996, 107.61912280000001, '2017-11-05', '2017-11-05', '20171105154548.png', NULL, 1, 70000, 'paid'),
(1024, '10001', '2017-11-05', '02:47:35', 2, 'dsfsfdsfs', -6.9174638999999996, 107.61912280000001, '2017-11-05', '2017-11-05', '20171105154548.png', NULL, 1, 70000, 'paid'),
(1025, '10001', '2017-11-05', '02:48:12', 2, 'dsfsf s fsd s', -6.9174638999999996, 107.61912280000001, '2017-11-05', '2017-11-05', '20171105154548.png', NULL, 1, 70000, 'paid'),
(1026, '10001', '2017-11-05', '02:51:24', 2, 'rerewrw', -6.9174638999999996, 107.61912280000001, '2017-11-05', '2017-11-05', '20171105154548.png', NULL, 1, 70000, 'paid'),
(1027, '10001', '2017-11-05', '02:52:27', 2, 'rerewrw', -6.9174638999999996, 107.61912280000001, '2017-11-05', '2017-11-05', '20171105154548.png', NULL, 1, 70000, 'paid'),
(1028, '10001', '2017-11-05', '02:53:28', 2, 'sdfdsfefsef e e fse fse', -6.8869244, 107.6167979, '2017-11-05', '2017-11-05', '20171105154548.png', NULL, 1, 70000, 'paid'),
(1029, '10001', '2017-11-05', '02:54:41', 2, 'srgrgrgr', -6.9174638999999996, 107.61912280000001, '2017-11-05', '2017-11-05', '20171105154548.png', NULL, 1, 70000, 'paid'),
(1030, '10001', '2017-11-05', '02:56:06', 2, 'grdgdfgdf', -6.9174638999999996, 107.61912280000001, '2017-11-05', '2017-11-05', '20171105154548.png', NULL, 1, 70000, 'paid'),
(1031, '10001', '2017-11-05', '02:57:41', 2, 'sdfsfsf', -6.9174638999999996, 107.61912280000001, '2017-11-05', '2017-11-05', '20171105154548.png', NULL, 1, 70000, 'paid'),
(1032, '10001', '2017-11-05', '03:01:00', 3, 'sdfdsfsdf sd fs  ', -6.9174638999999996, 107.61912280000001, '2017-11-05', '2017-11-05', '20171105154548.png', NULL, NULL, NULL, NULL),
(1033, '10001', '2017-11-05', '03:03:13', 3, 'sdfdsfsdf sd fs  ', -6.9174638999999996, 107.61912280000001, '2017-11-05', '2017-11-05', '20171105154548.png', NULL, NULL, NULL, NULL),
(1034, '10001', '2017-11-05', '03:03:25', 2, 'dsfdsfs', -6.9174638999999996, 107.61912280000001, '2017-11-05', '2017-11-05', '20171105154548.png', NULL, 1, 70000, 'paid'),
(1035, '10001', '2017-11-05', '03:10:55', 2, 'dsfsfs', -6.9174638999999996, 107.61912280000001, '2017-11-05', '2017-11-05', '20171105154548.png', NULL, 1, 70000, 'paid'),
(1036, '10001', '2017-11-05', '03:45:52', 2, 'sdfsfsf', -6.9174638999999996, 107.61912280000001, '2017-11-05', '2017-11-05', '20171105154548.png', NULL, 1, 70000, 'paid'),
(1037, '10001', '2017-11-05', '07:06:41', 2, 'undefined', 0, 0, '2017-11-05', '2017-11-05', '20171105154548.png', NULL, 1, 70000, 'paid'),
(1038, '10001', '2017-11-05', '07:11:54', 2, 'undefined', 0, 0, '2017-11-05', '2017-11-05', '20171105154548.png', NULL, 1, 70000, 'paid'),
(1039, '10001', '2017-11-05', '07:15:57', 2, 'cantik', -6.8868784, 107.6168559, '2017-11-05', '2017-11-05', '20171105154548.png', NULL, 1, 70000, 'paid'),
(1040, '10001', '2017-11-05', '07:19:34', 2, 'bebaskanlah', -6.8869245999999995, 107.6167997, '2017-11-05', '2017-11-05', '20171105154548.png', NULL, 1, 70000, 'paid'),
(1041, '10001', '2017-11-05', '07:22:18', 2, 'menggila', -6.8869514999999994, 107.61676990000001, '2017-11-05', '2017-11-05', '20171105154548.png', NULL, 1, 70000, 'paid'),
(1042, '10001', '2017-11-05', '07:42:44', 2, 'tesss', -6.886941299999999, 107.61676879999999, '2017-11-05', '2017-11-05', '20171105154548.png', NULL, 1, 70000, 'paid'),
(1043, '10001', '2017-11-05', '07:49:41', 2, 'fsfsd sd sdf ', -6.8868803, 107.6168553, '2017-11-05', '2017-11-05', '20171105154548.png', NULL, 1, 70000, 'paid'),
(1044, '10001', '2017-11-05', '07:50:46', 2, 'sial', -6.88688, 107.61685519999999, '2017-11-05', '2017-11-05', '20171105154548.png', NULL, 1, 70000, 'paid'),
(1045, '10001', '2017-11-05', '07:51:29', 2, 'siplah', -6.88688, 107.61685519999999, '2017-11-05', '2017-11-05', '20171105154548.png', NULL, 1, 70000, 'paid'),
(1046, '10001', '2017-11-05', '07:57:48', 2, 'makan aja', -6.886879700000001, 107.6168553, '2017-11-05', '2017-11-05', '20171105154548.png', NULL, 1, 70000, 'paid'),
(1047, '10001', '2017-11-05', '08:03:15', 2, 'gambar ku', -6.8868784, 107.6168569, '2017-11-05', '2017-11-05', '20171105154548.png', NULL, 1, 70000, 'paid'),
(1048, '10001', '2017-11-05', '08:14:12', 2, 'bebas', -6.886933600000001, 107.6167955, '2017-11-05', '2017-11-05', '20171105154548.png', NULL, 1, 70000, 'paid'),
(1049, '10001', '2017-11-05', '08:16:02', 2, 'fdsfdsfsg  D FDDF D ', -6.9174638999999996, 107.61912280000001, '2017-11-05', '2017-11-05', '20171105154548.png', NULL, 1, 70000, 'paid'),
(1050, '10001', '2017-11-05', '08:21:27', 2, 'KEREN AJA', -6.886929899999999, 107.6167837, '2017-11-05', '2017-11-05', '20171105154548.png', NULL, 1, 70000, 'paid'),
(1051, '10001', '2017-11-05', '14:54:01', 2, 'mencoba', -6.9174638999999996, 107.61912280000001, '2017-11-05', '2017-11-05', '20171105154548.png', NULL, 1, 70000, 'paid'),
(1052, '10001', '2017-11-05', '14:58:37', 2, 'tessss', -6.9174638999999996, 107.61912280000001, '2017-11-05', '2017-11-05', '20171105154548.png', NULL, 1, 70000, 'paid'),
(1053, '10001', '2017-11-05', '15:00:43', 2, 'dsfdsfssf', -6.9174638999999996, 107.61912280000001, '2017-11-05', '2017-11-05', '20171105154548.png', NULL, 1, 70000, 'paid'),
(1054, '10001', '2017-11-05', '15:04:26', 2, 'biasa aja', -6.8869302999999995, 107.6167955, '2017-11-05', '2017-11-05', '20171105154548.png', NULL, 1, 70000, 'paid'),
(1055, '10001', '2017-11-05', '15:10:09', 2, 'tefsdf sd sd sfs ', -6.9174638999999996, 107.61912280000001, '2017-11-05', '2017-11-05', '20171105154548.png', NULL, 1, 70000, 'paid'),
(1056, '10001', '2017-11-05', '15:15:14', 2, 'gsdgdsg s sd gs', -6.9174638999999996, 107.61912280000001, '2017-11-05', '2017-11-05', '20171105154548.png', NULL, 1, 70000, 'paid'),
(1057, '10001', '2017-11-05', '15:15:21', 2, 'gsdgdsg s sd gs', -6.9174638999999996, 107.61912280000001, '2017-11-05', '2017-11-05', '20171105154548.png', NULL, 1, 70000, 'paid'),
(1058, '10001', '2017-11-05', '15:16:08', 2, 'bxbf sg sg s', -6.9174638999999996, 107.61912280000001, '2017-11-05', '2017-11-05', '20171105154548.png', NULL, 1, 70000, 'paid'),
(1059, '10001', '2017-11-05', '15:32:26', 2, 'adf sdf sdf s fs', -6.9174638999999996, 107.61912280000001, '2017-11-05', '2017-11-05', '20171105154548.png', NULL, 1, 70000, 'paid'),
(1060, '10001', '2017-11-05', '15:39:28', 2, 'dfs f sdf sd s d f  ', -6.8869434, 107.6167683, '2017-11-05', '2017-11-05', '20171105154548.png', NULL, 1, 70000, 'paid'),
(1061, '10001', '2017-11-05', '15:39:34', 2, 'dfs f sdf sd s d f  ', -6.8869434, 107.6167683, '2017-11-05', '2017-11-05', '20171105154548.png', NULL, 1, 70000, 'paid'),
(1062, '10001', '2017-11-05', '15:45:18', 2, 'mencoba mencari celah', -6.8869394, 107.61676630000001, '2017-11-05', '2017-11-05', '20171105154548.png', NULL, 1, 70000, 'paid'),
(1063, '10001', '2017-11-05', '15:45:48', 2, 'aku lapaar sekali', -6.8869394, 107.61676630000001, '2017-11-05', '2017-11-05', '20171105154548.png', NULL, 1, 70000, 'paid'),
(1064, '10001', '2017-11-05', '15:50:05', 2, 'kenapa gila', -6.8869434, 107.6167683, '2017-11-05', '2017-11-05', '20171105155005.png', NULL, 1, 70000, 'paid'),
(1065, '10001', '2017-11-05', '15:50:41', 2, 'kenapa waeas', -6.8871199999999995, 107.6166125, '2017-11-05', '2017-11-05', '20171105155041.jpg', NULL, 1, 70000, 'paid'),
(1066, '10001', '2017-11-05', '15:51:10', 2, 'kenapa sehat', -6.887213699999999, 107.6165403, '2017-11-05', '2017-11-05', NULL, NULL, 1, 70000, 'paid'),
(1067, '10001', '2017-11-05', '15:54:21', 2, 'jadi2an', -6.887009099999999, 107.6167517, '2017-11-05', '2017-11-05', NULL, NULL, 1, 70000, 'paid'),
(1068, '10001', '2017-11-05', '15:54:43', 2, 'menderita2', -6.887009099999999, 107.6167517, '2017-11-05', '2017-11-05', '20171105155443.jpg', NULL, 1, 70000, 'paid'),
(1070, '10001', '2017-11-05', '16:13:02', 3, 'dsfsdfsf', -6.9174638999999996, 107.61912280000001, '2017-11-05', '2017-11-05', NULL, NULL, NULL, NULL, NULL),
(1072, '10001', '2017-11-05', '16:19:15', 3, 'mencoba', -6.8869345, 107.61678739999999, '2017-11-05', '2017-11-05', NULL, NULL, NULL, NULL, NULL),
(1074, '10001', '2017-11-05', '16:40:29', 3, 'jangan gila', -6.8869448, 107.61676670000001, '1970-01-01', '1970-01-01', NULL, NULL, NULL, NULL, NULL),
(1075, '10001', '2017-11-05', '16:42:52', 3, 'kamu jenius', -6.9174638999999996, 107.61912280000001, '1970-01-01', '1970-01-01', '20171105164252.png', NULL, NULL, NULL, NULL),
(1076, '10001', '2017-11-05', '17:00:41', 5, 'bulan madu wa', -6.886879700000001, 107.6168555, '1970-01-01', '1970-01-01', '20171105170041.jpg', NULL, 1, 70000, 'paid'),
(1077, '10001', '2017-11-05', '17:01:52', 5, 'kenyang', -6.886879700000001, 107.6168555, '1970-01-01', '1970-01-01', '20171105170152.jpg', NULL, 1, 70000, 'paid'),
(1078, '10001', '2017-11-05', '17:02:36', 4, 'kamu lapar?', -6.8869093, 107.6168264, '1970-01-01', '1970-01-01', '20171105170236.png', NULL, NULL, NULL, NULL),
(1079, '90706', '2017-11-05', '18:38:42', 4, 'tes aja', -6.886879700000001, 107.61685539999999, '1970-01-01', '1970-01-01', '20171105183842.png', NULL, NULL, NULL, NULL),
(1080, '90706', '2017-11-05', '18:40:33', 1, NULL, -6.8868807, 107.61685659999999, '2017-11-05', '2017-11-05', NULL, NULL, 1, 70000, 'unpaid'),
(1081, '90706', '2017-11-05', '18:41:05', 2, 'oke siap', -6.8868807, 107.61685659999999, '2017-11-05', '2017-11-05', NULL, NULL, 1, 70000, 'unpaid'),
(1082, '10001', '2017-11-05', '18:46:45', 2, 'makan cabai', -6.886821416209543, 107.61684481692414, '2017-11-05', '2017-11-05', NULL, NULL, 1, 70000, 'paid'),
(1083, '10001', '2017-11-05', '18:49:04', 2, 'okay bro siap', -6.886851861710816, 107.61682053425247, '2017-11-05', '2017-11-05', '20171105184904.png', NULL, 1, 70000, 'paid'),
(1084, '10001', '2017-11-05', '18:50:58', 1, NULL, -6.886851861710816, 107.61682053425247, '2017-11-05', '2017-11-05', NULL, NULL, 1, 70000, 'paid'),
(1085, '10001', '2017-11-05', '18:51:49', 4, 'ya gitu deh\\r\\n', -6.886820352353248, 107.61684233174762, '1970-01-01', '1970-01-01', '20171105185149.jpeg', NULL, NULL, NULL, NULL),
(1086, '10001', '2017-11-05', '18:52:38', 1, NULL, -6.8869105, 107.61683099999999, '2017-11-05', '2017-11-05', NULL, NULL, 1, 70000, 'paid'),
(1087, '10001', '2017-11-05', '18:52:55', 2, 'tes', -6.8869105, 107.61683099999999, '2017-11-05', '2017-11-05', NULL, NULL, 1, 70000, 'paid'),
(1088, '10001', '2017-11-05', '18:54:33', 3, 'siap\\r\\n', -6.886820352353248, 107.61684233174762, '1970-01-01', '1970-01-01', '20171105185433.jpeg', NULL, NULL, NULL, NULL),
(1089, '10001', '2017-11-05', '18:55:47', 1, NULL, -6.88682073529552, 107.61684322890892, '2017-11-05', '2017-11-05', NULL, NULL, 1, 70000, 'paid'),
(1090, '10001', '2017-11-05', '18:56:48', 2, 'jgn gitu', -6.886820348541906, 107.61684232700638, '2017-11-05', '2017-11-05', '20171105185648.jpeg', NULL, 1, 70000, 'paid'),
(1091, '10001', '2017-11-05', '19:01:01', 2, 'tes', -6.886820325588906, 107.61684227347308, '2017-11-05', '2017-11-05', '20171105190101.jpeg', NULL, 1, 70000, 'paid'),
(1092, '10001', '2017-11-05', '19:04:32', 5, 'ya gitu deh', -6.886820435970539, 107.61684253089558, '1970-01-01', '1970-01-01', '20171105190432.jpeg', NULL, 1, 70000, 'paid'),
(1093, '10001', '2017-11-05', '19:38:35', 1, NULL, -6.88688, 107.6168553, '2017-11-05', '2017-11-05', NULL, NULL, 1, 70000, 'paid'),
(1094, '90706', '2017-11-05', '20:33:24', 1, NULL, -6.886820435970539, 107.61684253089558, '2017-11-05', '2017-11-05', NULL, NULL, 1, 70000, 'unpaid'),
(1095, '90706', '2017-11-05', '20:33:42', 1, NULL, -6.886809781976963, 107.61681768457387, '2017-11-05', '2017-11-05', NULL, NULL, 1, 70000, 'unpaid'),
(1099, '10001', '2017-11-06', '19:16:27', 2, 'tes', -6.9174638999999996, 107.61912280000001, '2017-11-06', '2017-11-06', NULL, NULL, 1, 70000, 'paid'),
(1100, '10001', '2017-11-06', '19:17:34', 3, 'geuring', -6.8868784, 107.6168559, '1970-01-01', '1970-01-01', NULL, NULL, NULL, NULL, NULL),
(1101, '90706', '2017-11-06', '20:44:54', 5, 'tes', -6.8868212, 107.61680059999999, '1970-01-01', '1970-01-01', NULL, NULL, 1, 70000, 'unpaid'),
(1102, '90706', '2017-11-06', '20:48:35', 2, 'tesssss', -6.8867905, 107.6167783, '2017-11-06', '2017-11-06', NULL, NULL, 1, 70000, 'unpaid'),
(1103, '90706', '2017-11-06', '20:49:33', 5, 'tessssss cutoi', -6.8868182, 107.61680349999999, '1970-01-01', '1970-01-01', NULL, NULL, 1, 70000, 'unpaid'),
(1104, '10001', '2017-11-07', '18:54:28', 1, NULL, -6.8869025, 107.6168115, '2017-11-07', '2017-11-07', NULL, NULL, 1, 70000, 'paid'),
(1105, '10001', '2017-11-09', '07:00:10', 1, NULL, -6.8866977933858395, 107.61681955317744, '2017-11-09', '2017-11-09', NULL, NULL, 1, 70000, 'paid'),
(1106, '10001', '2017-11-11', '11:29:41', 5, 'mengenang cipta', -6.8868332, 107.6168721, '1970-01-01', '1970-01-01', NULL, NULL, 1, 70000, 'paid'),
(1107, '10001', '2017-11-11', '11:36:36', 5, 'tes', -6.8868377999999995, 107.6168656, '1970-01-01', '1970-01-01', NULL, NULL, 1, 70000, 'paid'),
(1108, '10001', '2017-11-11', '19:16:18', 1, NULL, -6.8868390999999995, 107.616862, '2017-11-11', '2017-11-11', NULL, NULL, 1, 70000, 'paid'),
(1109, '10001', '2017-11-11', '19:22:58', 1, NULL, -6.8868662, 107.61683099999999, '2017-11-11', '2017-11-11', NULL, NULL, 1, 70000, 'paid'),
(1110, '10001', '2017-11-11', '19:26:53', 2, 'tes', -6.8873133, 107.6165248, '2017-11-11', '2017-11-11', NULL, NULL, 1, 70000, 'paid'),
(1111, '10001', '2017-11-11', '19:30:33', 1, NULL, -6.8868629, 107.6168175, '2017-11-11', '2017-11-11', NULL, NULL, 1, 70000, 'paid'),
(1112, '10001', '2017-11-11', '19:33:13', 1, NULL, -6.8868589, 107.61682119999999, '2017-11-11', '2017-11-11', NULL, NULL, 1, 70000, 'paid'),
(1113, '10001', '2017-11-11', '19:37:49', 2, 'tes', -6.886876999999999, 107.6168122, '2017-11-11', '2017-11-11', NULL, NULL, 1, 70000, 'paid'),
(1114, '10001', '2017-11-11', '19:38:39', 1, NULL, -6.8868588, 107.61682789999999, '2017-11-11', '2017-11-11', NULL, NULL, 1, 70000, 'paid'),
(1115, '10001', '2017-11-11', '19:42:40', 5, 'sakit', 1.3553794, 103.86774439999999, '1970-01-01', '1970-01-01', '20171111194240.jpg', NULL, 1, 70000, 'paid'),
(1116, '10001', '2017-11-11', '19:49:20', 1, '', -6.8868585, 107.6168342, '1970-01-01', '1970-01-01', '20171111194920.jpg', NULL, 1, 70000, 'paid'),
(1117, '10001', '2017-11-11', '19:50:05', 3, 'tes', -6.8868456, 107.61683500000001, '1970-01-01', '1970-01-01', '20171111195005.jpg', NULL, NULL, NULL, NULL),
(1118, '10001', '2017-11-11', '19:55:44', 3, 'menangis', -6.8869703, 107.61673669999999, '2017-11-11', '2017-11-11', '20171111195544.png', NULL, NULL, NULL, NULL),
(1119, '10001', '2017-11-11', '19:57:15', 4, 'tes', -6.886857099999999, 107.6168378, '2017-11-11', '2017-11-18', '20171111195715.png', NULL, NULL, NULL, NULL),
(1182, '10001', '2017-11-27', '03:27:20', 2, 'tes', -6.2087634, 106.84559899999999, '2017-11-27', '2017-11-27', NULL, NULL, 1, 97000, 'paid'),
(1183, '90706', '2017-11-27', '06:33:54', 2, NULL, -6.2087634, 106.84559899999999, NULL, NULL, NULL, NULL, 47, 87000, 'unpaid'),
(1184, '90706', '2017-11-27', '06:34:01', 2, NULL, -6.2087634, 106.84559899999999, NULL, NULL, NULL, NULL, 47, 87000, 'unpaid'),
(1185, '90706', '2017-11-27', '06:35:34', 2, NULL, -6.2087634, 106.84559899999999, NULL, NULL, NULL, NULL, 47, 87000, 'unpaid'),
(1186, '10001', '2017-11-27', '06:42:15', 7, 'hujan', -6.2087634, 106.84559899999999, '2017-11-27', '2017-11-27', '20171127064215.jpg', NULL, 1, 87000, 'paid'),
(1187, '90706', '2017-11-27', '06:43:59', 2, NULL, -6.2087634, 106.84559899999999, NULL, NULL, NULL, NULL, 47, 87000, 'unpaid'),
(1188, '90706', '2017-11-27', '06:44:17', 2, 'tes', -6.2087634, 106.84559899999999, '2017-11-27', '2017-11-27', '20171127064417.jpg', NULL, 47, 87000, 'unpaid'),
(1189, '90706', '2017-11-27', '06:45:48', 3, 'tes', -6.2087634, 106.84559899999999, '2017-11-27', '2017-11-27', NULL, NULL, NULL, NULL, NULL),
(1190, '10001', '2017-11-27', '07:15:06', 7, 'tes', -6.642398699999999, 106.80537079999999, '2017-11-27', '2017-11-27', NULL, NULL, 1, 40000, 'paid'),
(1191, '10001', '2017-11-27', '07:15:59', 2, 'tes', -6.6424021, 106.8054732, '2017-11-27', '2017-11-27', NULL, NULL, 1, 50000, 'paid'),
(1192, '10001', '2017-11-27', '07:20:32', 7, 'tes', -6.2087634, 106.84559899999999, '2017-11-27', '2017-11-27', '20171127072032.jpeg', NULL, 1, 40000, 'paid'),
(1193, '90706', '2017-11-27', '08:51:08', 2, 'tes123', -6.642373399999999, 106.8055151, '2017-11-27', '2017-11-27', NULL, NULL, 47, 87000, 'unpaid'),
(1194, '90706', '2017-11-27', '08:59:45', 2, 'lapaar', -6.642400899999999, 106.80547179999999, '2017-11-27', '2017-11-27', NULL, NULL, 47, 100000, 'unpaid'),
(1195, '90706', '2017-11-27', '09:00:10', 7, 'lapar 3', -6.6423673, 106.8055105, '2017-11-27', '2017-11-27', NULL, NULL, NULL, NULL, NULL),
(1196, '10001', '2017-11-27', '18:02:00', 2, 'tes', -6.6423552, 106.8055668, '2017-11-27', '2017-11-27', NULL, NULL, 1, 50000, 'paid'),
(1197, '10001', '2017-11-27', '18:07:03', 2, 'rwa', -6.6423809, 106.805567, '2017-11-27', '2017-11-27', NULL, NULL, 1, 50000, 'paid'),
(1198, '10001', '2017-11-27', '18:08:39', 3, 'tes', -6.6423549, 106.8055667, '2017-11-27', '2017-11-27', NULL, NULL, NULL, NULL, NULL),
(1199, '10001', '2017-11-27', '18:13:32', 2, 'fsffsdf', -6.6423549, 106.80556659999999, '2017-11-27', '2017-11-27', NULL, NULL, 1, 50000, 'paid'),
(1200, '10001', '2017-11-27', '18:14:36', 4, 'svsdvdsdsc', -6.6423549, 106.80556659999999, '2017-11-27', '2017-11-27', '20171127181436.jpg', NULL, NULL, NULL, NULL);
INSERT INTO `tb_detail_absen` (`id`, `id_anggota`, `tanggal`, `jam_masuk`, `status_id`, `keterangan`, `latitude`, `longitude`, `tgl_awal`, `tgl_akhir`, `foto_lokasi`, `rencana_id`, `credit_id`, `credit_in`, `credit_stat`) VALUES
(1201, '10001', '2017-11-27', '18:16:24', 4, 'ompa', -6.642353, 106.8055679, '2017-11-27', '2017-11-27', '20171127181624.png', NULL, NULL, NULL, NULL),
(1202, '10001', '2017-11-27', '18:17:31', 7, 'ffhfjf', -6.642354399999999, 106.8055682, '2017-11-27', '2017-11-27', NULL, NULL, 1, 40000, 'paid'),
(1203, '10001', '2017-11-27', '19:33:43', 3, 'tes', -6.642354399999999, 106.80556969999999, '2017-11-27', '2017-12-01', NULL, NULL, NULL, NULL, NULL),
(1204, '10001', '2017-11-27', '19:39:59', 2, 'tess', -6.6423549, 106.8055667, '2017-11-27', '2017-11-27', NULL, NULL, 1, 50000, 'paid'),
(1205, '10001', '2017-11-27', '19:45:15', 3, 'fsdfs', -6.6423549, 106.8055662, '2017-11-27', '2017-11-27', NULL, NULL, NULL, NULL, NULL),
(1206, '10001', '2017-11-27', '19:45:34', 3, 'sfvfdvvdf', -6.6423549, 106.80556659999999, '2017-11-27', '2017-12-02', NULL, NULL, NULL, NULL, NULL),
(1207, '10001', '2017-11-27', '19:46:34', 3, 'fsfs', -6.6423540999999995, 106.8055695, '2017-11-27', '2017-12-07', NULL, NULL, NULL, NULL, NULL),
(1208, '10001', '2017-11-27', '22:36:13', 4, 'wfrfd', -6.2087634, 106.84559899999999, '2017-11-27', '2017-11-27', NULL, NULL, NULL, NULL, NULL),
(1209, '10001', '2017-11-27', '22:36:57', 4, 'sdfdsdf', -6.2087634, 106.84559899999999, '2017-11-27', '2017-11-30', NULL, NULL, NULL, NULL, NULL),
(1210, '10001', '2017-11-27', '22:37:36', 5, 'dsfsfsd', -6.2087634, 106.84559899999999, '2017-11-27', '2017-11-30', '20171127223736.jpg', NULL, 1, 50000, 'paid'),
(1293, '90706', '2017-11-28', '10:05:01', 7, 'dsfsfsdfs', -6.6423673, 106.8055108, '2017-11-28', '2017-11-28', '20171128100501.jpg', NULL, 47, 90000, 'unpaid'),
(1294, '10001', '2017-11-28', '15:24:05', 2, 'sdfdsf', -6.2087634, 106.84559899999999, '2017-11-28', '2017-11-28', NULL, NULL, 1, 50000, 'unpaid');

-- --------------------------------------------------------

--
-- Struktur dari tabel `tb_jabatan`
--

CREATE TABLE `tb_jabatan` (
  `id_jabatan` varchar(3) NOT NULL,
  `jabatan` varchar(50) NOT NULL,
  `gaji` int(11) NOT NULL
) ENGINE=InnoDB DEFAULT CHARSET=latin1;

--
-- Dumping data untuk tabel `tb_jabatan`
--

INSERT INTO `tb_jabatan` (`id_jabatan`, `jabatan`, `gaji`) VALUES
('002', 'System Analyst', 3500000),
('004', 'Researcher', 3900000),
('111', 'Admin', 3900000),
('135', 'Bendahara', 3000000),
('468', 'Android Developer', 3500000),
('541', 'UI/UX Designer', 3250000),
('557', 'Web Developer', 3300000),
('571', 'CEO ', 5000000),
('847', 'CTO', 4850000);

-- --------------------------------------------------------

--
-- Struktur dari tabel `tb_jenistransaksi`
--

CREATE TABLE `tb_jenistransaksi` (
  `id_jenis` varchar(6) NOT NULL,
  `jenis` varchar(20) NOT NULL
) ENGINE=InnoDB DEFAULT CHARSET=latin1;

--
-- Dumping data untuk tabel `tb_jenistransaksi`
--

INSERT INTO `tb_jenistransaksi` (`id_jenis`, `jenis`) VALUES
('TR-01', 'Bayar Listrik'),
('TR-02', 'Bayar Air Minum'),
('TR-03', 'Bayar Sampah'),
('TR-04', 'Bayar ART'),
('TR-05', 'Bayar Transport'),
('TR-06', 'Bayar Konsumsi');

-- --------------------------------------------------------

--
-- Struktur dari tabel `tb_konfigurasi_kakatu`
--

CREATE TABLE `tb_konfigurasi_kakatu` (
  `id` int(11) NOT NULL,
  `email_admin` varchar(255) NOT NULL,
  `pass_email` varchar(255) NOT NULL,
  `secret_key` varchar(255) NOT NULL,
  `secret_iv` varchar(255) NOT NULL,
  `api_key_google` varchar(255) NOT NULL,
  `tanggal_set` date NOT NULL,
  `jam_set` time NOT NULL
) ENGINE=InnoDB DEFAULT CHARSET=latin1;

--
-- Dumping data untuk tabel `tb_konfigurasi_kakatu`
--

INSERT INTO `tb_konfigurasi_kakatu` (`id`, `email_admin`, `pass_email`, `secret_key`, `secret_iv`, `api_key_google`, `tanggal_set`, `jam_set`) VALUES
(15, 'kakatukantor123@gmail.com', 'rizki123', '#k@KaTu_1nT3rNEt_$3H@t', '#k1N3sH_kR3at1F_iDe@tA', 'AIzaSyD1FadhBxVxaMyPiKI5R9otXTH9xP4lltQ', '2017-11-28', '15:23:08');

-- --------------------------------------------------------

--
-- Struktur dari tabel `tb_konfirmasi`
--

CREATE TABLE `tb_konfirmasi` (
  `id_pembayaran` varchar(5) NOT NULL,
  `id_anggota` varchar(5) NOT NULL,
  `konfirm_anggota` varchar(1) NOT NULL,
  `konfirm_admin` varchar(1) NOT NULL
) ENGINE=InnoDB DEFAULT CHARSET=latin1;

--
-- Dumping data untuk tabel `tb_konfirmasi`
--

INSERT INTO `tb_konfirmasi` (`id_pembayaran`, `id_anggota`, `konfirm_anggota`, `konfirm_admin`) VALUES
('40467', '90706', '0', '2'),
('60195', '90706', '0', '2'),
('87738', '90706', '0', '0'),
('97130', '90706', '0', '0'),
('15665', '90706', '0', '2'),
('65336', '90706', '0', '2');

-- --------------------------------------------------------

--
-- Struktur dari tabel `tb_pembayaran`
--

CREATE TABLE `tb_pembayaran` (
  `id_pembayaran` varchar(5) NOT NULL,
  `id_anggota` varchar(5) NOT NULL,
  `tanggal` datetime NOT NULL,
  `id_jenis` varchar(5) NOT NULL,
  `nominal` varchar(9) NOT NULL,
  `keterangan` varchar(1000) NOT NULL,
  `status` varchar(1) NOT NULL
) ENGINE=InnoDB DEFAULT CHARSET=latin1;

--
-- Dumping data untuk tabel `tb_pembayaran`
--

INSERT INTO `tb_pembayaran` (`id_pembayaran`, `id_anggota`, `tanggal`, `id_jenis`, `nominal`, `keterangan`, `status`) VALUES
('15665', '90706', '2017-10-09 18:40:28', 'TR-01', '68000', 'hararta', '1'),
('40467', '90706', '2017-09-16 21:41:21', 'TR-03', '300', 'Bayar cash', '1'),
('43240', '90706', '2017-09-16 21:44:44', 'TR-05', '400', 'Bayar cash', '2'),
('60195', '90706', '2017-09-16 22:19:05', 'TR-03', '300', 'Cash', '1'),
('65336', '90706', '2017-10-09 19:03:46', 'TR-06', '46000', 'lapar', '1'),
('87738', '90706', '2017-10-09 18:08:10', 'TR-03', '65000', 'Cash', '0'),
('91916', '90706', '2017-11-28 09:13:03', 'TR-03', '40000', 'cash', '2'),
('97130', '90706', '2017-10-09 18:18:19', 'TR-04', '52000', 'Cash langsung', '0');

-- --------------------------------------------------------

--
-- Struktur dari tabel `tb_tgllibur`
--

CREATE TABLE `tb_tgllibur` (
  `id` int(4) NOT NULL,
  `nama_libur` varchar(50) NOT NULL,
  `tglawal` date DEFAULT NULL,
  `tglakhir` date DEFAULT NULL,
  `jmlhari` mediumint(8) DEFAULT NULL
) ENGINE=InnoDB DEFAULT CHARSET=latin1;

--
-- Dumping data untuk tabel `tb_tgllibur`
--

INSERT INTO `tb_tgllibur` (`id`, `nama_libur`, `tglawal`, `tglakhir`, `jmlhari`) VALUES
(1, 'Hari Natal', '2017-12-12', '2017-12-14', 3),
(2, 'Tahun Baru 2018', '2018-01-01', '2018-01-04', 1),
(8, 'Libur Kantor', '2017-11-07', '2017-11-08', 2),
(9, 'Idul Adha', '2017-10-02', '2017-10-03', 2),
(10, 'nyoba 1', '2017-11-01', '2017-11-02', 2),
(11, 'nyoba 2', '2017-10-26', '2017-10-28', 3);

--
-- Indexes for dumped tables
--

--
-- Indexes for table `jabatan_anggota`
--
ALTER TABLE `jabatan_anggota`
  ADD KEY `id_anggota` (`id_anggota`),
  ADD KEY `id_jabatan` (`id_jabatan`);

--
-- Indexes for table `tb_absen`
--
ALTER TABLE `tb_absen`
  ADD PRIMARY KEY (`status_id`);

--
-- Indexes for table `tb_anggota`
--
ALTER TABLE `tb_anggota`
  ADD PRIMARY KEY (`id_anggota`),
  ADD UNIQUE KEY `email` (`email`);

--
-- Indexes for table `tb_buktipembayaran`
--
ALTER TABLE `tb_buktipembayaran`
  ADD PRIMARY KEY (`id`),
  ADD KEY `id_pembayaran` (`id_pembayaran`);

--
-- Indexes for table `tb_credits_anggota`
--
ALTER TABLE `tb_credits_anggota`
  ADD PRIMARY KEY (`id`),
  ADD KEY `id_anggota` (`id_anggota`);

--
-- Indexes for table `tb_cronjob_rencana_absen`
--
ALTER TABLE `tb_cronjob_rencana_absen`
  ADD PRIMARY KEY (`id`),
  ADD KEY `id_anggota` (`id_anggota`),
  ADD KEY `status_id` (`status_id`);

--
-- Indexes for table `tb_cuti_anggota`
--
ALTER TABLE `tb_cuti_anggota`
  ADD PRIMARY KEY (`id_cuti`),
  ADD UNIQUE KEY `id_anggota` (`id_anggota`);

--
-- Indexes for table `tb_detail_absen`
--
ALTER TABLE `tb_detail_absen`
  ADD PRIMARY KEY (`id`),
  ADD KEY `fk_idanggota` (`id_anggota`),
  ADD KEY `status_id` (`status_id`),
  ADD KEY `rencana_id` (`rencana_id`),
  ADD KEY `credit_id` (`credit_id`);

--
-- Indexes for table `tb_jabatan`
--
ALTER TABLE `tb_jabatan`
  ADD PRIMARY KEY (`id_jabatan`);

--
-- Indexes for table `tb_jenistransaksi`
--
ALTER TABLE `tb_jenistransaksi`
  ADD PRIMARY KEY (`id_jenis`);

--
-- Indexes for table `tb_konfigurasi_kakatu`
--
ALTER TABLE `tb_konfigurasi_kakatu`
  ADD PRIMARY KEY (`id`);

--
-- Indexes for table `tb_konfirmasi`
--
ALTER TABLE `tb_konfirmasi`
  ADD KEY `fk_idbayar` (`id_pembayaran`);

--
-- Indexes for table `tb_pembayaran`
--
ALTER TABLE `tb_pembayaran`
  ADD PRIMARY KEY (`id_pembayaran`),
  ADD KEY `id_anggota` (`id_anggota`),
  ADD KEY `id_jenis` (`id_jenis`);

--
-- Indexes for table `tb_tgllibur`
--
ALTER TABLE `tb_tgllibur`
  ADD PRIMARY KEY (`id`);

--
-- AUTO_INCREMENT for dumped tables
--

--
-- AUTO_INCREMENT for table `tb_absen`
--
ALTER TABLE `tb_absen`
  MODIFY `status_id` int(11) NOT NULL AUTO_INCREMENT, AUTO_INCREMENT=8;

--
-- AUTO_INCREMENT for table `tb_buktipembayaran`
--
ALTER TABLE `tb_buktipembayaran`
  MODIFY `id` int(11) NOT NULL AUTO_INCREMENT;

--
-- AUTO_INCREMENT for table `tb_credits_anggota`
--
ALTER TABLE `tb_credits_anggota`
  MODIFY `id` int(4) NOT NULL AUTO_INCREMENT, AUTO_INCREMENT=48;

--
-- AUTO_INCREMENT for table `tb_cronjob_rencana_absen`
--
ALTER TABLE `tb_cronjob_rencana_absen`
  MODIFY `id` int(11) NOT NULL AUTO_INCREMENT, AUTO_INCREMENT=5;

--
-- AUTO_INCREMENT for table `tb_cuti_anggota`
--
ALTER TABLE `tb_cuti_anggota`
  MODIFY `id_cuti` int(11) NOT NULL AUTO_INCREMENT, AUTO_INCREMENT=3;

--
-- AUTO_INCREMENT for table `tb_detail_absen`
--
ALTER TABLE `tb_detail_absen`
  MODIFY `id` int(11) NOT NULL AUTO_INCREMENT, AUTO_INCREMENT=1295;

--
-- AUTO_INCREMENT for table `tb_konfigurasi_kakatu`
--
ALTER TABLE `tb_konfigurasi_kakatu`
  MODIFY `id` int(11) NOT NULL AUTO_INCREMENT, AUTO_INCREMENT=16;

--
-- AUTO_INCREMENT for table `tb_tgllibur`
--
ALTER TABLE `tb_tgllibur`
  MODIFY `id` int(4) NOT NULL AUTO_INCREMENT, AUTO_INCREMENT=12;

--
-- Ketidakleluasaan untuk tabel pelimpahan (Dumped Tables)
--

--
-- Ketidakleluasaan untuk tabel `jabatan_anggota`
--
ALTER TABLE `jabatan_anggota`
  ADD CONSTRAINT `fk_id-anggota` FOREIGN KEY (`id_anggota`) REFERENCES `tb_anggota` (`id_anggota`) ON DELETE CASCADE ON UPDATE CASCADE,
  ADD CONSTRAINT `fk_id-jabatan` FOREIGN KEY (`id_jabatan`) REFERENCES `tb_jabatan` (`id_jabatan`) ON DELETE CASCADE ON UPDATE CASCADE;

--
-- Ketidakleluasaan untuk tabel `tb_buktipembayaran`
--
ALTER TABLE `tb_buktipembayaran`
  ADD CONSTRAINT `fk_idpembayaran` FOREIGN KEY (`id_pembayaran`) REFERENCES `tb_pembayaran` (`id_pembayaran`) ON DELETE CASCADE ON UPDATE CASCADE;

--
-- Ketidakleluasaan untuk tabel `tb_credits_anggota`
--
ALTER TABLE `tb_credits_anggota`
  ADD CONSTRAINT `tb_credits_anggota_ibfk_1` FOREIGN KEY (`id_anggota`) REFERENCES `tb_anggota` (`id_anggota`) ON DELETE CASCADE ON UPDATE CASCADE;

--
-- Ketidakleluasaan untuk tabel `tb_cronjob_rencana_absen`
--
ALTER TABLE `tb_cronjob_rencana_absen`
  ADD CONSTRAINT `tb_cronjob_rencana_absen_ibfk_1` FOREIGN KEY (`status_id`) REFERENCES `tb_absen` (`status_id`) ON DELETE CASCADE ON UPDATE CASCADE,
  ADD CONSTRAINT `tb_cronjob_rencana_absen_ibfk_2` FOREIGN KEY (`id_anggota`) REFERENCES `tb_anggota` (`id_anggota`) ON DELETE CASCADE ON UPDATE CASCADE;

--
-- Ketidakleluasaan untuk tabel `tb_cuti_anggota`
--
ALTER TABLE `tb_cuti_anggota`
  ADD CONSTRAINT `tb_cuti_anggota_ibfk_1` FOREIGN KEY (`id_anggota`) REFERENCES `tb_anggota` (`id_anggota`) ON DELETE CASCADE ON UPDATE CASCADE;

--
-- Ketidakleluasaan untuk tabel `tb_detail_absen`
--
ALTER TABLE `tb_detail_absen`
  ADD CONSTRAINT `ibfk_idanggota3` FOREIGN KEY (`id_anggota`) REFERENCES `tb_anggota` (`id_anggota`) ON DELETE CASCADE ON UPDATE CASCADE,
  ADD CONSTRAINT `tb_detail_absen_ibfk_1` FOREIGN KEY (`status_id`) REFERENCES `tb_absen` (`status_id`) ON DELETE CASCADE ON UPDATE CASCADE,
  ADD CONSTRAINT `tb_detail_absen_ibfk_2` FOREIGN KEY (`rencana_id`) REFERENCES `tb_cronjob_rencana_absen` (`id`) ON DELETE CASCADE ON UPDATE CASCADE,
  ADD CONSTRAINT `tb_detail_absen_ibfk_3` FOREIGN KEY (`credit_id`) REFERENCES `tb_credits_anggota` (`id`) ON DELETE CASCADE ON UPDATE CASCADE;

--
-- Ketidakleluasaan untuk tabel `tb_konfirmasi`
--
ALTER TABLE `tb_konfirmasi`
  ADD CONSTRAINT `ibfk_idbayar` FOREIGN KEY (`id_pembayaran`) REFERENCES `tb_pembayaran` (`id_pembayaran`) ON DELETE CASCADE ON UPDATE CASCADE;

--
-- Ketidakleluasaan untuk tabel `tb_pembayaran`
--
ALTER TABLE `tb_pembayaran`
  ADD CONSTRAINT `fk_idanggota` FOREIGN KEY (`id_anggota`) REFERENCES `tb_anggota` (`id_anggota`) ON DELETE CASCADE ON UPDATE CASCADE,
  ADD CONSTRAINT `fk_idjenis` FOREIGN KEY (`id_jenis`) REFERENCES `tb_jenistransaksi` (`id_jenis`) ON DELETE CASCADE ON UPDATE CASCADE;
COMMIT;

/*!40101 SET CHARACTER_SET_CLIENT=@OLD_CHARACTER_SET_CLIENT */;
/*!40101 SET CHARACTER_SET_RESULTS=@OLD_CHARACTER_SET_RESULTS */;
/*!40101 SET COLLATION_CONNECTION=@OLD_COLLATION_CONNECTION */;
